{
  "_fv": 10,
  "_type": "gun",
  "definition": {
    "renderType": 0,
    "texture": "bowofheavens",
    "customModelName": "Normal",
    "name": "Bow of The Heavens",
    "specialInfo": [
      "It glows with holy aura"
    ],
    "creativeTab": {
      "value": "COMBAT"
    },
    "stackSize": 1,
    "ammoItem": {
      "value": "CUSTOM:ProjectileTest"
    },
    "shootConstantly": true,
    "usageCount": 10000,
    "actionSound": {
      "value": "entity.arrow.shoot"
    },
    "hasGlow": true,
    "enableMeleeDamage": false,
    "damageVsEntity": 0.0,
    "bulletPower": 1.0,
    "bulletDamage": 20.0,
    "bulletKnockback": 5,
    "bulletParticles": true,
    "bulletIgnitesFire": false,
    "bulletItemTexture": {
      "value": "CUSTOM:ProjectileTest"
    },
    "bulletModel": "Default",
    "customBulletModelTexture": "",
    "onBulletHitsBlock": {
      "name": "BowofheavensBulletHitsBlock"
    },
    "onBulletHitsPlayer": {
      "name": "BowofheavensBulletHitsEntity"
    },
    "onBulletHitsEntity": {
      "name": "BowofheavensBulletHitsEntity"
    }
  }
}